{
    "accuracy_per_category": {
        "医师考试": 0.357,
        "护理考试": 0.39625,
        "药师考试": 0.354375,
        "医技考试": 0.30583333333333335,
        "专业知识考试": 0.335625,
        "医学考研": 0.296875
    },
    "accuracy_per_subcategory": {
        "医师考试": {
            "规培结业": 0.3775,
            "执业助理医师": 0.37,
            "执业医师": 0.3975,
            "中级职称": 0.355,
            "高级职称": 0.285
        },
        "护理考试": {
            "护士执业资格": 0.4625,
            "护师执业资格": 0.4275,
            "主管护师": 0.42,
            "高级护师": 0.275
        },
        "药师考试": {
            "执业西药师": 0.295,
            "执业中药师": 0.35,
            "初级药士": 0.4225,
            "初级药师": 0.345,
            "初级中药士": 0.3175,
            "初级中药师": 0.405,
            "主管药师": 0.315,
            "主管中药师": 0.385
        },
        "医技考试": {
            "医技士": 0.3,
            "医技师": 0.305,
            "主管技师": 0.3125
        },
        "专业知识考试": {
            "基础医学": 0.2875,
            "临床医学": 0.31,
            "预防医学与公共卫生学": 0.4125,
            "中医学与中药学": 0.3325
        },
        "医学考研": {
            "护理学": 0.315,
            "考研政治": 0.3075,
            "西医综合": 0.275,
            "中医综合": 0.29
        }
    }
}