{
    "accuracy_per_category": {
        "医师考试": 0.3725,
        "护理考试": 0.405625,
        "药师考试": 0.35875,
        "医技考试": 0.31666666666666665,
        "专业知识考试": 0.336875,
        "医学考研": 0.3125
    },
    "accuracy_per_subcategory": {
        "医师考试": {
            "规培结业": 0.355,
            "执业助理医师": 0.405,
            "执业医师": 0.45,
            "中级职称": 0.3375,
            "高级职称": 0.315
        },
        "护理考试": {
            "护士执业资格": 0.49,
            "护师执业资格": 0.445,
            "主管护师": 0.41,
            "高级护师": 0.2775
        },
        "药师考试": {
            "执业西药师": 0.3025,
            "执业中药师": 0.35,
            "初级药士": 0.42,
            "初级药师": 0.355,
            "初级中药士": 0.3175,
            "初级中药师": 0.405,
            "主管药师": 0.315,
            "主管中药师": 0.405
        },
        "医技考试": {
            "医技士": 0.29,
            "医技师": 0.305,
            "主管技师": 0.355
        },
        "专业知识考试": {
            "基础医学": 0.2975,
            "临床医学": 0.3,
            "预防医学与公共卫生学": 0.3925,
            "中医学与中药学": 0.3575
        },
        "医学考研": {
            "护理学": 0.3,
            "考研政治": 0.3425,
            "西医综合": 0.325,
            "中医综合": 0.2825
        }
    }
}