{
    "accuracy_per_category": {
        "医师考试": 0.358,
        "护理考试": 0.404375,
        "药师考试": 0.34875,
        "医技考试": 0.3466666666666667,
        "专业知识考试": 0.340625,
        "医学考研": 0.28
    },
    "accuracy_per_subcategory": {
        "医师考试": {
            "规培结业": 0.3525,
            "执业助理医师": 0.3975,
            "执业医师": 0.4225,
            "中级职称": 0.325,
            "高级职称": 0.2925
        },
        "护理考试": {
            "护士执业资格": 0.4775,
            "护师执业资格": 0.4425,
            "主管护师": 0.4175,
            "高级护师": 0.28
        },
        "药师考试": {
            "执业西药师": 0.3025,
            "执业中药师": 0.335,
            "初级药士": 0.4225,
            "初级药师": 0.3675,
            "初级中药士": 0.3225,
            "初级中药师": 0.35,
            "主管药师": 0.305,
            "主管中药师": 0.385
        },
        "医技考试": {
            "医技士": 0.335,
            "医技师": 0.345,
            "主管技师": 0.36
        },
        "专业知识考试": {
            "基础医学": 0.3225,
            "临床医学": 0.305,
            "预防医学与公共卫生学": 0.4125,
            "中医学与中药学": 0.3225
        },
        "医学考研": {
            "护理学": 0.29,
            "考研政治": 0.295,
            "西医综合": 0.28,
            "中医综合": 0.255
        }
    }
}