{
    "accuracy_per_category": {
        "医师考试": 0.327,
        "护理考试": 0.393125,
        "药师考试": 0.33375,
        "医技考试": 0.31583333333333335,
        "专业知识考试": 0.324375,
        "医学考研": 0.333125
    },
    "accuracy_per_subcategory": {
        "医师考试": {
            "规培结业": 0.3025,
            "执业助理医师": 0.3675,
            "执业医师": 0.39,
            "中级职称": 0.3125,
            "高级职称": 0.2625
        },
        "护理考试": {
            "护士执业资格": 0.445,
            "护师执业资格": 0.4075,
            "主管护师": 0.3875,
            "高级护师": 0.3325
        },
        "药师考试": {
            "执业西药师": 0.2925,
            "执业中药师": 0.31,
            "初级药士": 0.43,
            "初级药师": 0.335,
            "初级中药士": 0.2975,
            "初级中药师": 0.36,
            "主管药师": 0.305,
            "主管中药师": 0.34
        },
        "医技考试": {
            "医技士": 0.31,
            "医技师": 0.285,
            "主管技师": 0.3525
        },
        "专业知识考试": {
            "基础医学": 0.31,
            "临床医学": 0.31,
            "预防医学与公共卫生学": 0.365,
            "中医学与中药学": 0.3125
        },
        "医学考研": {
            "护理学": 0.2925,
            "考研政治": 0.4125,
            "西医综合": 0.315,
            "中医综合": 0.3125
        }
    }
}