{
    "accuracy_per_category": {
        "医师考试": 0.377,
        "护理考试": 0.435625,
        "药师考试": 0.4046875,
        "医技考试": 0.38083333333333336,
        "专业知识考试": 0.353125,
        "医学考研": 0.36125
    },
    "accuracy_per_subcategory": {
        "医师考试": {
            "规培结业": 0.3675,
            "执业助理医师": 0.3775,
            "执业医师": 0.42,
            "中级职称": 0.42,
            "高级职称": 0.3
        },
        "护理考试": {
            "护士执业资格": 0.51,
            "护师执业资格": 0.47,
            "主管护师": 0.4625,
            "高级护师": 0.3
        },
        "药师考试": {
            "执业西药师": 0.3675,
            "执业中药师": 0.405,
            "初级药士": 0.4725,
            "初级药师": 0.3875,
            "初级中药士": 0.35,
            "初级中药师": 0.435,
            "主管药师": 0.395,
            "主管中药师": 0.425
        },
        "医技考试": {
            "医技士": 0.37,
            "医技师": 0.37,
            "主管技师": 0.4025
        },
        "专业知识考试": {
            "基础医学": 0.345,
            "临床医学": 0.3475,
            "预防医学与公共卫生学": 0.3575,
            "中医学与中药学": 0.3625
        },
        "医学考研": {
            "护理学": 0.3225,
            "考研政治": 0.4025,
            "西医综合": 0.3975,
            "中医综合": 0.3225
        }
    }
}